{
"width": 3356, "height": 2236,
"format": "jpg",
"type":"ptm",
"colorspace":"rgb",
"nplanes": 18,
"quality": 95,
"materials": [
{
 "scale": [0.999031,0.999031,0.999031,0.947115,0.947115,0.947115,0.864176,0.864176,0.864176,0.983771,0.983771,0.983771,0.834307,0.834307,0.834307,1.05901,1.05901,1.05901],
 "bias": [-0.0509804,-0.0509804,-0.0509804,0.505882,0.505882,0.505882,0.501961,0.501961,0.501961,0.819608,0.819608,0.819608,0.470588,0.470588,0.470588,0.835294,0.835294,0.835294] }
]
}
