{
"width": 3356, "height": 2236,
"format": "jpg",
"type":"ptm",
"colorspace":"rgb",
"nplanes": 18,
"quality": 95,
"materials": [
{
 "scale": [1.00636,1.00636,1.00636,0.906851,0.906851,0.906851,0.945996,0.945996,0.945996,1.02559,1.02559,1.02559,0.922701,0.922701,0.922701,1.00221,1.00221,1.00221],
 "bias": [-0.054902,-0.054902,-0.054902,0.533333,0.533333,0.533333,0.47451,0.47451,0.47451,0.792157,0.792157,0.792157,0.517647,0.517647,0.517647,0.796078,0.796078,0.796078] }
]
}
